0_x,0_y,0_v,1_x,1_y,1_v,2_x,2_y,2_v,3_x,3_y,3_v,4_x,4_y,4_v,5_x,5_y,5_v,6_x,6_y,6_v,7_x,7_y,7_v,8_x,8_y,8_v,9_x,9_y,9_v,10_x,10_y,10_v,11_x,11_y,11_v,12_x,12_y,12_v,13_x,13_y,13_v,14_x,14_y,14_v,15_x,15_y,15_v,16_x,16_y,16_v,17_x,17_y,17_v,18_x,18_y,18_v,19_x,19_y,19_v,20_x,20_y,20_v,21_x,21_y,21_v,22_x,22_y,22_v,23_x,23_y,23_v,24_x,24_y,24_v,25_x,25_y,25_v,26_x,26_y,26_v,27_x,27_y,27_v,28_x,28_y,28_v,29_x,29_y,29_v,30_x,30_y,30_v,31_x,31_y,31_v,32_x,32_y,32_v,label
0.4908675253391266,0.400374174118042,0.9999665021896362,0.5014339685440063,0.3899783194065094,0.9999563097953796,0.5080903172492981,0.3896223604679107,0.9999408721923828,0.5144688487052917,0.3892346620559692,0.9999465942382812,0.4788190722465515,0.3901742100715637,0.999944806098938,0.4705144762992859,0.3901121318340301,0.9999274015426636,0.4629533588886261,0.389909952878952,0.9999333620071412,0.5268551111221313,0.3890909552574157,0.999945878982544,0.4512521922588348,0.3898468613624573,0.9999458193778992,0.5034093260765076,0.4102508425712585,0.9999646544456482,0.4787184298038482,0.4094780087471008,0.9999617338180542,0.5725741386413574,0.4228990972042084,0.999888241291046,0.4085828959941864,0.4199616312980652,0.9999390840530396,0.6214250922203064,0.4345369935035705,0.93828147649765,0.3622966408729553,0.4403004050254822,0.984458029270172,0.6213403940200806,0.4493186473846435,0.9406659603118896,0.3714495301246643,0.4553306996822357,0.9598507881164552,0.6335604190826416,0.4461095929145813,0.9249776005744934,0.3631932437419891,0.455587089061737,0.9291190505027772,0.6108734607696533,0.4457627236843109,0.9206579327583312,0.3879434466361999,0.4584657251834869,0.9241466522216796,0.597330629825592,0.4488787651062011,0.8820133805274963,0.3987694084644317,0.4612035155296325,0.8978273868560791,0.5453145503997803,0.5506025552749634,0.9998850226402284,0.4393764436244964,0.5508147478103638,0.9998867511749268,0.6635909080505371,0.5486286282539368,0.9947975277900696,0.3305016160011291,0.5518535375595093,0.9974942803382874,0.6080173850059509,0.6324507594108582,0.9849485754966736,0.3920002281665802,0.6355136036872864,0.9941230416297911,0.5831156969070435,0.646492063999176,0.957460880279541,0.4175022542476654,0.647990345954895,0.9707971811294556,0.6521499752998352,0.6658786535263062,0.9714524149894714,0.3475535213947296,0.6662429571151733,0.985329806804657,1
0.498210608959198,0.4057211279869079,0.99984610080719,0.5080752968788147,0.3948229849338531,0.9998332262039183,0.5145946741104126,0.3943962454795837,0.9997687935829164,0.5209965705871582,0.3938415348529815,0.9997904300689696,0.4869048297405243,0.3945914208889007,0.999776303768158,0.4781434834003448,0.3940893411636352,0.9996856451034546,0.4707309603691101,0.3935871720314026,0.9997079968452454,0.5320503115653992,0.393257737159729,0.999777376651764,0.4574892222881317,0.3928818106651306,0.9998021721839904,0.5084946751594543,0.4154509007930755,0.9998688101768494,0.4859265089035034,0.4159877300262451,0.9998791813850404,0.5735927820205688,0.4270783066749573,0.999622404575348,0.4133176207542419,0.4254328608512878,0.9997832775115968,0.6150898337364197,0.4389605522155761,0.8906477093696594,0.3639628887176513,0.4438625872135162,0.9671722054481506,0.6255013346672058,0.4510459005832672,0.9173063039779664,0.3707545697689056,0.4536093175411224,0.9297523498535156,0.6381214261054993,0.4507694244384765,0.8916999101638794,0.3685969114303589,0.4559548497200012,0.8780363202095032,0.618729829788208,0.4493221342563629,0.8882646560668945,0.3869159817695617,0.4551847875118255,0.871871292591095,0.6060621738433838,0.4509759843349457,0.8502005934715271,0.3934590518474579,0.4561161994934082,0.8465495705604553,0.5512374043464661,0.5536495447158813,0.9995012283325196,0.442986249923706,0.5526739358901978,0.9996212124824524,0.6638352274894714,0.5485647320747375,0.9846537113189696,0.3281420171260834,0.5512897968292236,0.992063283920288,0.6075583696365356,0.6326194405555725,0.9519915580749512,0.3950570821762085,0.63584303855896,0.983530044555664,0.5838990807533264,0.645971417427063,0.922459065914154,0.4207715690135956,0.6470898985862732,0.9607464671134948,0.6534547209739685,0.6653773784637451,0.9212889671325684,0.3446165919303894,0.6655959486961365,0.9659197330474854,1
0.5943080186843872,0.4353174567222595,0.9998942017555236,0.5907347202301025,0.4255310893058777,0.9998542666435242,0.5899592041969299,0.4250469207763672,0.999841332435608,0.5887761116027832,0.4245752394199371,0.9998764395713806,0.5867881774902344,0.4257058501243591,0.9998966455459596,0.5832974910736084,0.4253059923648834,0.99989515542984,0.5794107913970947,0.4250066876411438,0.99990975856781,0.5601919293403625,0.4242712557315826,0.9998138546943665,0.5544003248214722,0.4263593256473541,0.9998493194580078,0.5870140790939331,0.44320148229599,0.999641180038452,0.5821447372436523,0.4442402720451355,0.9997660517692566,0.5272595882415771,0.4553960859775543,0.9985803365707396,0.5255215167999268,0.470594972372055,0.9996264576911926,0.6670759916305542,0.4565455317497253,0.364646703004837,0.6603405475616455,0.4739534258842468,0.9869255423545836,0.7628207802772522,0.4478562772274017,0.5109480619430542,0.757724404335022,0.4504426121711731,0.9649167060852052,0.7897770404815674,0.4437266886234283,0.5556127429008484,0.7874771356582642,0.4481594562530517,0.9446755051612854,0.7920217514038086,0.4428428709506988,0.5777875781059265,0.7831569910049438,0.4445706903934479,0.93961364030838,0.7815684676170349,0.4472889900207519,0.5930935740470886,0.7743414044380188,0.4471665322780609,0.9059630036354064,0.427385002374649,0.5655273795127869,0.999845564365387,0.3914428651332855,0.5883208513259888,0.9999482035636902,0.5662441849708557,0.5653998255729675,0.5322584509849548,0.5488417148590088,0.5889701247215271,0.99575936794281,0.5151723027229309,0.6131341457366943,0.6561781764030457,0.4712104797363281,0.6638048887252808,0.9916228652000428,0.4963457286357879,0.617861270904541,0.7030797004699707,0.4377354383468628,0.677663266658783,0.9843198657035828,0.552249014377594,0.6247657537460327,0.7721459865570068,0.5323416590690613,0.6846526265144348,0.98644357919693,1
0.58698570728302,0.4380282461643219,0.9999324679374696,0.5821702480316162,0.4289174973964691,0.9999110102653505,0.5810987949371338,0.4282101094722748,0.9998986124992372,0.5797034502029419,0.4274519085884094,0.9999231696128844,0.5785480737686157,0.4286159574985504,0.9999401569366456,0.5751816034317017,0.4277812540531158,0.9999362230300904,0.5716049671173096,0.4271422326564789,0.999949038028717,0.5523297190666199,0.4254834651947021,0.9998928904533386,0.5483042001724243,0.4277812838554382,0.9999201893806458,0.5798606872558594,0.4443923532962799,0.9997710585594176,0.5752015113830566,0.4446485042572021,0.9998239278793336,0.5223075747489929,0.4547846913337707,0.99888014793396,0.531808614730835,0.4731675982475281,0.9996883869171144,0.6567107439041138,0.4571024477481842,0.4209790229797363,0.659564197063446,0.4738285541534424,0.992769718170166,0.7468248009681702,0.4495460987091064,0.6126641035079956,0.762299120426178,0.4539101123809814,0.9788081645965576,0.7587465047836304,0.4458698630332947,0.6434799432754517,0.7856475114822388,0.4526395797729492,0.9587318301200868,0.7624262571334839,0.4458114206790924,0.6660939455032349,0.7819912433624268,0.4487212598323822,0.9554927945137024,0.7584925889968872,0.4526054859161377,0.6807783246040344,0.775526762008667,0.4508983194828033,0.9298991560935974,0.4268292784690857,0.5668129324913025,0.9998064041137696,0.3967637717723846,0.5915012359619141,0.99991637468338,0.5611479878425598,0.5628179311752319,0.4510420560836792,0.5577700734138489,0.5943734049797058,0.9951516389846802,0.4760343432426452,0.6209677457809448,0.5492309927940369,0.4671972095966339,0.6652290225028992,0.98149436712265,0.4513058960437774,0.6280573010444641,0.6065971851348877,0.4348015189170837,0.6769684553146362,0.9690594673156738,0.5322974920272827,0.6482107043266296,0.6886718273162842,0.533153772354126,0.6857650279998779,0.971248984336853,1
0.5827738046646118,0.4370283484458923,0.9998396039009094,0.5786070227622986,0.4271319806575775,0.9997805953025818,0.5779627561569214,0.4265831112861633,0.9997553825378418,0.577192485332489,0.4259820878505707,0.9998185634613036,0.5745328664779663,0.4274403154850006,0.9998450875282288,0.5712829828262329,0.427250862121582,0.9998382329940796,0.5678834319114685,0.4271223545074463,0.9998657703399658,0.5521301031112671,0.4260500073432922,0.9997420907020568,0.5443823933601379,0.4287810921669006,0.9997915029525756,0.5755705833435059,0.4443148672580719,0.999509572982788,0.5706537365913391,0.4448495805263519,0.9996505975723268,0.5022030472755432,0.4562819004058838,0.997232973575592,0.512042760848999,0.4766331613063812,0.9990730285644532,0.6430220603942871,0.4679850041866302,0.2500755786895752,0.6292513608932495,0.5084994435310364,0.987241804599762,0.7411651611328125,0.4681812822818756,0.3722671866416931,0.757060170173645,0.4735105633735657,0.9685065150260924,0.7839148044586182,0.4550983905792236,0.4387211501598358,0.7816296219825745,0.4731910228729248,0.9466379284858704,0.7780520915985107,0.4563401639461517,0.4651567339897156,0.7772897481918335,0.4696177840232849,0.9440872073173524,0.7618779540061951,0.4678924977779388,0.4860316216945648,0.7618761658668518,0.4706562459468841,0.9172449707984924,0.4134497046470642,0.5700292587280273,0.9994739890098572,0.3864810466766357,0.5954732894897461,0.999793529510498,0.5542339086532593,0.5625923871994019,0.477822333574295,0.5408645868301392,0.58314049243927,0.9923924803733826,0.4850530326366424,0.6314570903778076,0.5981013178825378,0.4721715748310089,0.6622209548950195,0.9778842926025392,0.4738458096981048,0.6449952125549316,0.6489550471305847,0.4467572569847107,0.6758346557617188,0.9690884351730348,0.5347196459770203,0.6609482169151306,0.7064741849899292,0.5359840989112854,0.683290958404541,0.961720883846283,1
0.3495428264141083,0.481218159198761,0.9999972581863404,0.3686160147190094,0.4746479988098144,0.999998927116394,0.3725916445255279,0.4754470288753509,0.9999989867210388,0.3769474029541015,0.4762721061706543,0.9999991655349731,0.3640919923782348,0.4729257225990295,0.999998927116394,0.3649899363517761,0.4726154804229736,0.9999986290931702,0.3664412498474121,0.4722038805484772,0.9999988675117492,0.3970558047294616,0.4872624278068542,0.9999987483024596,0.3921361267566681,0.4824338555335998,0.9999984502792358,0.355426162481308,0.4980507791042328,0.9999957084655762,0.3480880260467529,0.4957169592380523,0.9999958276748656,0.3847234845161438,0.5782264471054077,0.9999859929084778,0.4271724820137024,0.5598028302192688,0.9998332262039183,0.2601666450500488,0.6669055819511414,0.9675198793411256,0.3620763123035431,0.6323897838592529,0.1415311843156814,0.3062974214553833,0.5866409540176392,0.8492294549942017,0.3271569013595581,0.5946741700172424,0.1012775003910064,0.3029853105545044,0.5675296783447266,0.7898202538490295,0.3168459236621856,0.5736610293388367,0.0965520516037941,0.3265668451786041,0.5654970407485962,0.776871383190155,0.333530992269516,0.5732358694076538,0.0883023664355278,0.3320000469684601,0.5698356032371521,0.7616363763809204,0.3397286236286163,0.5782524347305298,0.0865099802613258,0.5802831649780273,0.7160522937774658,0.9999940991401672,0.6216359734535217,0.6971819996833801,0.9999836683273317,0.3165011405944824,0.7153708338737488,0.9955190420150756,0.4205056130886078,0.6939381957054138,0.3576739728450775,0.4742164611816406,0.8541024923324585,0.9952016472816468,0.5306784510612488,0.8041172027587891,0.6909344792366028,0.5226712822914124,0.869312584400177,0.9953399300575256,0.5638645887374878,0.8235406875610352,0.7552213668823242,0.3679265677928924,0.8705890774726868,0.9950522184371948,0.5021666884422302,0.8399213552474976,0.8076152205467224,0
0.3619056642055511,0.4636246562004089,0.9999991059303284,0.3837895691394806,0.4557119905948639,0.9999995231628418,0.3885615170001983,0.4564105868339538,0.9999995827674866,0.3937170207500458,0.457156091928482,0.9999995827674866,0.3791311085224151,0.4549616873264313,0.9999995827674866,0.3806225955486297,0.4551827907562256,0.9999995231628418,0.3826133608818054,0.4552473127841949,0.9999995827674866,0.4159102439880371,0.47025927901268,0.9999995827674866,0.4118265509605407,0.4680473208427429,0.9999994039535522,0.3701258301734924,0.4837602972984314,0.9999982118606568,0.3623825013637543,0.4835361838340759,0.9999985098838806,0.3917233645915985,0.5653031468391418,0.9999921321868896,0.4527492523193359,0.5546861886978149,0.9998962879180908,0.257561445236206,0.6707751154899597,0.9851363897323608,0.3682944774627685,0.6494601964950562,0.3183816075325012,0.3059048652648926,0.5835670232772827,0.8910459280014038,0.3347196578979492,0.5973782539367676,0.179061010479927,0.3085668087005615,0.5616940259933472,0.8328477740287781,0.3217178583145141,0.5744446516036987,0.1498562395572662,0.3296539783477783,0.5599058866500854,0.8206272125244141,0.3387053608894348,0.5722376108169556,0.136792853474617,0.3359921872615814,0.5670350790023804,0.8063686490058899,0.3475780189037323,0.5823339819908142,0.1316519826650619,0.6091208457946777,0.728652834892273,0.9999936819076538,0.6515017747879028,0.7105450630187988,0.9999839067459106,0.3216698765754699,0.7485235929489136,0.9970806837081908,0.415300190448761,0.7272805571556091,0.4497772455215454,0.50942063331604,0.901494324207306,0.996641218662262,0.5617403984069824,0.8465964198112488,0.7355004549026489,0.5565798878669739,0.9268510937690736,0.995277464389801,0.6077736616134644,0.8669310808181763,0.7793575525283813,0.3800024688243866,0.9296431541442872,0.9962909817695618,0.5027384161949158,0.8918309211730957,0.8423455357551575,0
0.3604446053504944,0.4732278287410736,0.9999991059303284,0.3820894956588745,0.4647937417030334,0.9999995231628418,0.3869134783744812,0.465425431728363,0.9999995827674866,0.3921992480754852,0.4661394655704498,0.9999995827674866,0.3773321509361267,0.4640926420688629,0.9999995827674866,0.3787682950496673,0.4642412662506103,0.9999995231628418,0.3807059824466705,0.464224636554718,0.9999995827674866,0.414465457201004,0.4788852632045746,0.9999995231628418,0.409710943698883,0.4765349328517914,0.9999994039535522,0.3689953684806824,0.4933605194091797,0.9999982118606568,0.3608129322528839,0.4929229617118835,0.9999985098838806,0.3915278613567352,0.574253499507904,0.999991774559021,0.4516616761684418,0.5613493323326111,0.9998978972434998,0.2566817700862884,0.6791971921920776,0.9841758608818054,0.3655903339385986,0.6561253070831299,0.303153395652771,0.3059785962104797,0.5900797247886658,0.891323447227478,0.3333145678043365,0.6038782596588135,0.1679004281759262,0.3083457946777344,0.568524956703186,0.8342914581298828,0.3204692006111145,0.5807352662086487,0.1406684815883636,0.3289995193481445,0.5665637850761414,0.8223373293876648,0.3383321464061737,0.5777072906494141,0.1283751130104065,0.3356316685676574,0.5736935138702393,0.8091473579406738,0.3472377955913543,0.5893788933753967,0.1241079121828079,0.6091288328170776,0.7362697124481201,0.9999939203262328,0.6533247232437134,0.717433512210846,0.9999845027923584,0.3214638531208038,0.7499009966850281,0.9968833327293396,0.4155539572238922,0.7273548245429993,0.4353016018867492,0.5114197134971619,0.9024357795715332,0.9963465332984924,0.562470018863678,0.846752941608429,0.7235815525054932,0.5576874017715454,0.9276350736618042,0.9951803088188172,0.6078106760978699,0.8673977851867676,0.7701802849769592,0.3794810473918915,0.9295169115066528,0.99604594707489,0.5098263025283813,0.8915778994560242,0.834042489528656,0
0.3611410856246948,0.4821990132331848,0.9999989867210388,0.3826025724411011,0.4739234447479248,0.999999463558197,0.3875326812267303,0.4747950434684753,0.9999995231628418,0.3928526937961578,0.4756563305854797,0.9999995827674866,0.3773808479309082,0.4728294014930725,0.9999995827674866,0.3785234987735748,0.4728190004825592,0.9999995231628418,0.3801039755344391,0.4726670384407043,0.9999995231628418,0.4147223532199859,0.4880805015563965,0.999999463558197,0.4078761339187622,0.4845494329929352,0.9999994039535522,0.3695017397403717,0.501952052116394,0.9999979734420776,0.3609498739242553,0.5010363459587097,0.9999984502792358,0.3917773067951202,0.5833889245986938,0.9999908804893494,0.4478287696838379,0.5666912794113159,0.9998985528945924,0.2572199404239654,0.6872235536575317,0.9834501147270204,0.3566365540027618,0.661050021648407,0.2900002896785736,0.3062713742256164,0.5954805612564087,0.8889201283454895,0.3307904005050659,0.6099569201469421,0.1577148884534835,0.3084371387958526,0.574456512928009,0.8312287330627441,0.3190288841724396,0.5861598253250122,0.1318180114030838,0.3289641141891479,0.5720961689949036,0.8193904161453247,0.3378675878047943,0.5823803544044495,0.120266355574131,0.3357863426208496,0.5788196921348572,0.8076993823051453,0.346296101808548,0.5945202708244324,0.1167820021510124,0.6089287400245667,0.7448352575302124,0.999994158744812,0.654000997543335,0.7224966287612915,0.9999850392341614,0.3196863532066345,0.7501765489578247,0.9965681433677672,0.418111115694046,0.7264156341552734,0.4195238351821899,0.5109853744506836,0.901955246925354,0.995824694633484,0.5631099939346313,0.8454402685165405,0.711705207824707,0.5576767921447754,0.9275888204574584,0.9949151277542114,0.6076910495758057,0.8669462203979492,0.7596287727355957,0.3783852756023407,0.9289616346359252,0.9955639243125916,0.5156093835830688,0.8884354829788208,0.8217408061027527,0
0.2251125574111938,0.4782125055789947,0.9998612999916076,0.2287634313106537,0.4595958292484283,0.9998888969421388,0.2327660471200943,0.4582540392875671,0.9998995065689088,0.2372776716947555,0.4569025039672851,0.9999235272407532,0.2247527688741684,0.4601981043815613,0.9998728036880492,0.2259371429681778,0.4591748118400574,0.9998464584350586,0.2275462448596954,0.4580889344215393,0.9998884201049804,0.2739700675010681,0.4565106332302093,0.9999094605445862,0.2660731077194214,0.4568206369876861,0.9998459219932556,0.2558675408363342,0.49060720205307,0.9997889995574952,0.2498408704996109,0.4912965297698974,0.999754786491394,0.3329409658908844,0.5399847030639648,0.9998570680618286,0.3939639329910278,0.5293644666671753,0.9992015957832336,0.279187947511673,0.6826297044754028,0.936589241027832,0.3968468010425567,0.6500059366226196,0.0936179980635643,0.2629832029342651,0.582852303981781,0.8067324757575989,0.3037266135215759,0.5908399820327759,0.083160251379013,0.2491205632686615,0.556475043296814,0.7588016390800476,0.2757530510425567,0.5633741021156311,0.0938834995031356,0.2723420858383178,0.550704300403595,0.7465386390686035,0.2876664400100708,0.5629151463508606,0.0824523642659187,0.2814267873764038,0.5579397678375244,0.7212581038475037,0.2977457344532013,0.5653625130653381,0.0781787633895874,0.5902108550071716,0.7179456949234009,0.9982767701148988,0.6399843692779541,0.7001627683639526,0.9981873035430908,0.2589794397354126,0.7300241589546204,0.9879481792449952,0.3733426332473755,0.7152405381202698,0.3261216282844543,0.4604592323303222,0.909902274608612,0.9720057249069214,0.5055530667304993,0.8564897775650024,0.6047446727752686,0.5127119421958923,0.9384148716926576,0.9766725897789,0.5521097183227539,0.8816134333610535,0.6961206197738647,0.3105865716934204,0.9392682909965516,0.967033863067627,0.4128957390785217,0.901147723197937,0.7555800676345825,1
0.2233571112155914,0.4830555021762848,0.9998744130134584,0.2272088974714279,0.4655757546424866,0.999899685382843,0.2310643792152404,0.464275985956192,0.9999093413352966,0.2355110794305801,0.4630053639411926,0.99993097782135,0.2236053496599197,0.4661881029605865,0.9998852610588074,0.2248066514730453,0.4652438163757324,0.9998615384101868,0.2263882309198379,0.4641823172569275,0.9998992681503296,0.273287832736969,0.4631783366203308,0.9999182820320128,0.2655828595161438,0.4634020924568176,0.9998607635498048,0.2532207369804382,0.4957588613033294,0.9998090267181396,0.2477137744426727,0.4961345195770263,0.9997775554656982,0.3326684236526489,0.5455796122550964,0.9998680353164672,0.3913029432296753,0.5362759232521057,0.99923574924469,0.2799498736858368,0.6899751424789429,0.9345646500587464,0.4003119170665741,0.6561436653137207,0.0873201712965965,0.2640425264835357,0.5894148349761963,0.8108718991279602,0.3039836287498474,0.6000758409500122,0.0774364247918129,0.2491547465324401,0.563499391078949,0.763594925403595,0.2758427560329437,0.5754468441009521,0.0882221907377243,0.2720910906791687,0.5566957592964172,0.7512490749359131,0.2879806160926819,0.5680927634239197,0.0773906260728836,0.2813527286052704,0.563656747341156,0.7270985245704651,0.2985945343971252,0.5759469270706177,0.0735837742686271,0.5931304693222046,0.7249847650527954,0.9984484314918518,0.635265052318573,0.7080303430557251,0.9983665943145752,0.2595064043998718,0.7308382987976074,0.9883071780204772,0.3711707592010498,0.7141796350479126,0.3140844106674194,0.4604223072528839,0.9100319743156432,0.9736639261245728,0.5058998465538025,0.8537265658378601,0.5935662388801575,0.5127383470535278,0.9387201070785522,0.9777186512947084,0.5534225106239319,0.8775137662887573,0.6865342855453491,0.3096110224723816,0.9378525614738464,0.9690948128700256,0.4236309826374054,0.8995693325996399,0.7462370991706848,1
0.5262508988380432,0.4590950906276703,0.9997593760490416,0.5357411503791809,0.4507220387458801,0.99960196018219,0.5353867411613464,0.4501775801181793,0.9995860457420348,0.5348265767097473,0.4494510293006897,0.9996488094329834,0.5343033671379089,0.4499048292636871,0.9996231198310852,0.5325637459754944,0.4485649168491363,0.9996091723442078,0.5302222967147827,0.4467038214206695,0.9996466040611268,0.5127533674240112,0.4396885931491852,0.9992716312408448,0.5048736929893494,0.4346865713596344,0.999428391456604,0.5086946487426758,0.464470624923706,0.999642848968506,0.5059823393821716,0.4628747403621673,0.9998222589492798,0.4246535003185272,0.4737409651279449,0.999399185180664,0.4033486247062683,0.4694265723228454,0.9999470710754396,0.3913228213787079,0.5438382029533386,0.441278874874115,0.3186817169189453,0.5480505228042603,0.9877310991287231,0.4314563870429992,0.600533127784729,0.5867631435394287,0.3898688852787018,0.6120114326477051,0.968171238899231,0.4447061419486999,0.6160112023353577,0.563258707523346,0.4044231474399566,0.6345776319503784,0.9510967135429382,0.4483186900615692,0.6167417764663696,0.5694748759269714,0.4253877401351928,0.6282214522361755,0.949685513973236,0.4412100911140442,0.6112810373306274,0.5549858808517456,0.4191069304943084,0.6201537251472473,0.9239357113838196,0.2535523474216461,0.5815430879592896,0.9984285831451416,0.2177289277315139,0.5890299081802368,0.9989516735076904,0.4360513985157013,0.6390645503997803,0.6256874799728394,0.4167004823684692,0.6589196920394897,0.9911910891532898,0.3313333392143249,0.7462827563285828,0.7213194966316223,0.3000513613224029,0.7735023498535156,0.9899933934211732,0.298008382320404,0.751114547252655,0.7284179329872131,0.2641381919384002,0.7894173860549927,0.9693379402160645,0.4137407839298248,0.7733942270278931,0.7897898554801941,0.3936782479286194,0.8069972991943359,0.98501455783844,0
0.5298038721084595,0.4656218886375427,0.9998026490211488,0.539607584476471,0.4559592306613922,0.9997479915618896,0.5390740036964417,0.4550686776638031,0.999731183052063,0.5384188294410706,0.453948438167572,0.9997775554656982,0.5378072261810303,0.4552734792232513,0.9997509717941284,0.5360416173934937,0.4538871645927429,0.9997264742851256,0.5338869094848633,0.45207080245018,0.9997707009315492,0.5138201117515564,0.4420711398124695,0.9995654821395874,0.5079126358032227,0.4399329125881195,0.9996410608291626,0.5098114609718323,0.4691376686096191,0.9997525811195374,0.5077038407325745,0.4677922129631042,0.9998780488967896,0.4229594469070434,0.4743160605430603,0.9996393918991088,0.4066575467586517,0.4718243181705475,0.999960482120514,0.3747046291828155,0.545012354850769,0.3554602861404419,0.3177127838134765,0.548957884311676,0.9861924052238464,0.4273208081722259,0.5979039072990417,0.5018947124481201,0.4055541455745697,0.6108930110931396,0.9483071565628052,0.4442381262779236,0.6145630478858948,0.4955859780311584,0.4275814592838287,0.6312083601951599,0.9229583144187928,0.4499140977859497,0.6151903867721558,0.5076996088027954,0.4418539702892303,0.6271426677703857,0.9238211512565612,0.4428127706050873,0.6091277599334717,0.4939875304698944,0.4353891015052795,0.6198213696479797,0.8985685110092163,0.2395057082176208,0.5842108726501465,0.9990053772926332,0.2168930917978286,0.5931069850921631,0.99938702583313,0.4317366182804107,0.6437354683876038,0.6042441129684448,0.425942987203598,0.6596022844314575,0.9913134574890136,0.3317593932151794,0.7482916712760925,0.6865576505661011,0.3060956001281738,0.7701404690742493,0.9895458817481996,0.2964837849140167,0.7577490210533142,0.6875529885292053,0.2646048367023468,0.7893038392066956,0.9724494814872742,0.4179956316947937,0.7715888619422913,0.7651772499084473,0.3975836038589477,0.8007054328918457,0.985093891620636,0
0.4960454702377319,0.4340071082115173,0.9999312162399292,0.5083991289138794,0.4267616271972656,0.9999340176582336,0.5111273527145386,0.42755126953125,0.9999248385429382,0.5137937664985657,0.4282570779323578,0.9999337792396544,0.4968060255050659,0.4219711720943451,0.9999337196350098,0.4907621145248413,0.4192312359809875,0.999923288822174,0.4836360514163971,0.41619473695755,0.9999402761459352,0.5031790137290955,0.4280967712402344,0.999870240688324,0.4619737267494201,0.4120675921440124,0.999910831451416,0.4845864474773407,0.4438931047916412,0.9998790621757508,0.4716109335422516,0.4389696717262268,0.9999423623085022,0.4221563935279846,0.4660599827766418,0.9997168779373168,0.3848920464515686,0.4617911279201507,0.999941349029541,0.409395307302475,0.5362846851348877,0.3069665431976318,0.3311452269554138,0.5513432621955872,0.9868451952934264,0.4533745646476745,0.59449303150177,0.4655297100543976,0.4425785541534424,0.6018334627151489,0.9345802664756776,0.464574933052063,0.6131232976913452,0.4720083475112915,0.4587062895298004,0.6260104775428772,0.8977006673812866,0.4680244326591491,0.6125625371932983,0.4877029657363891,0.4686296582221985,0.6235545873641968,0.902996301651001,0.4622940123081207,0.6064656972885132,0.47686967253685,0.4633994996547699,0.6148251295089722,0.883198082447052,0.2465663701295852,0.5771300792694092,0.9991729259490968,0.2122854888439178,0.5863703489303589,0.9996771812438964,0.4361100494861603,0.6377744674682617,0.6381301879882812,0.4176181852817535,0.6575632095336914,0.991205096244812,0.3308306634426117,0.7477414011955261,0.6804124116897583,0.3047017753124237,0.7706049680709839,0.9893330931663512,0.2964844703674316,0.7554774880409241,0.6446543335914612,0.2607835531234741,0.7889033555984497,0.967354655265808,0.4248755574226379,0.7757394909858704,0.7475152611732483,0.392974317073822,0.8045746088027954,0.985019862651825,0
0.4975652992725372,0.4207086563110351,0.9998761415481568,0.5085569024085999,0.4120846390724182,0.9998291730880736,0.5110782384872437,0.4125251770019531,0.9998103380203248,0.5133252143859863,0.4128862023353576,0.9998571276664734,0.4956132173538208,0.4083167910575866,0.9998534321784972,0.4886133372783661,0.4063048362731933,0.9998361468315125,0.4810684621334076,0.4043443202972412,0.9998695850372314,0.5021935701370239,0.4128874242305755,0.9997177124023438,0.4592403471469879,0.4024601578712463,0.9996955394744872,0.488738477230072,0.4321935176849365,0.9996997117996216,0.4741807281970978,0.4278147220611572,0.999789297580719,0.4255606830120086,0.4605855941772461,0.999808132648468,0.3883081078529358,0.4557353556156158,0.9999070763587952,0.4062876105308532,0.5371853113174438,0.5607873797416687,0.3330676555633545,0.5488841533660889,0.9910719990730286,0.4378008842468261,0.6033118963241577,0.7642568349838257,0.4237014651298523,0.6152383685112,0.9652344584465028,0.4518135786056518,0.6216617226600647,0.7391430735588074,0.4410502016544342,0.6354929804801941,0.9385682344436646,0.4539234042167663,0.6219063401222229,0.7495034337043762,0.4524787068367004,0.6342133283615112,0.9404615759849548,0.4480132758617401,0.6157010793685913,0.7295106649398804,0.4469755887985229,0.6273431777954102,0.9214664697647096,0.2493545114994049,0.5768123269081116,0.999276340007782,0.2165069133043289,0.5836816430091858,0.9996199011802672,0.4265061318874359,0.645685076713562,0.6414164900779724,0.4183174967765808,0.6620489358901978,0.9904848337173462,0.3250709772109985,0.7551100254058838,0.6641727089881897,0.3077603280544281,0.7714051604270935,0.9890270829200744,0.2917777597904205,0.7630804777145386,0.6126253008842468,0.2631341218948364,0.7906337380409241,0.9583754539489746,0.4184414446353912,0.7781262993812561,0.7393019199371338,0.3943489193916321,0.8036818504333496,0.9837271571159364,0
0.6001216769218445,0.4822071194648742,0.9997059106826782,0.6063055396080017,0.4716244339942932,0.9996329545974731,0.6061826348304749,0.4711241722106933,0.9996631741523744,0.6060343980789185,0.4705108106136322,0.9997130036354064,0.6018012762069702,0.4697598814964294,0.9996694922447203,0.5982279181480408,0.468097984790802,0.9996756315231324,0.5942369699478149,0.466020405292511,0.9997141361236572,0.5830121636390686,0.4641155302524566,0.9995603561401368,0.5670273900032043,0.4589787423610687,0.9996255040168762,0.5827822685241699,0.4880423545837402,0.9994961023330688,0.5766909718513489,0.4850347638130188,0.9996742606163024,0.5257195234298706,0.4890291094779968,0.9976241588592528,0.4784938097000122,0.4810428023338318,0.9996426701545716,0.6605693101882935,0.5188847780227661,0.4574589431285858,0.6381673812866211,0.5194945335388184,0.9931847453117372,0.7945464849472046,0.5216200351715088,0.5778026580810547,0.7935015559196472,0.5223602652549744,0.9861499071121216,0.8351203203201294,0.5131843090057373,0.5822830200195312,0.8356665968894958,0.517721951007843,0.9756812453269958,0.8370375633239746,0.5108556747436523,0.5948219299316406,0.8396406173706055,0.5111033320426941,0.9729532599449158,0.8227136135101318,0.5119765996932983,0.6039802432060242,0.8264312148094177,0.5123533010482788,0.9558711647987366,0.2789472937583923,0.5770368576049805,0.9985100030899048,0.2185622155666351,0.5816201567649841,0.9994588494300842,0.464347630739212,0.6277705430984497,0.6752277612686157,0.4383040070533752,0.6412923336029053,0.9965860843658448,0.3965409100055694,0.738662838935852,0.7647658586502075,0.3717953562736511,0.7742166519165039,0.9963914752006532,0.3705730438232422,0.7504907846450806,0.745689868927002,0.3357696533203125,0.7946529388427734,0.9887054562568665,0.4992115795612335,0.7711789608001709,0.8131056427955627,0.4715870320796966,0.8073549270629883,0.9924260377883912,1
0.6103624105453491,0.5026360750198364,0.9998863339424132,0.6184582114219666,0.4935148358345032,0.999871790409088,0.6189954280853271,0.4932559132575989,0.9998792409896852,0.6196838617324829,0.4929031729698181,0.9998931288719176,0.6127468943595886,0.4912241101264953,0.9998824596405028,0.6089425086975098,0.489457219839096,0.9998835325241088,0.6051285862922668,0.487769216299057,0.9998993873596193,0.6021299362182617,0.4869748950004577,0.9998515844345092,0.5802934765815735,0.4797352254390716,0.9998722076416016,0.5936238765716553,0.5094930529594421,0.9997918009757996,0.5878790616989136,0.505530834197998,0.9998331665992736,0.5471916794776917,0.5027624368667603,0.9984588623046876,0.5012025833129883,0.4983343482017517,0.9996413588523864,0.6925421357154846,0.527765154838562,0.5325618386268616,0.6508437395095825,0.5272667407989502,0.9915148019790648,0.8212380409240723,0.5297321677207947,0.6748283505439758,0.8123553991317749,0.5246196985244751,0.9827820658683776,0.8634582757949829,0.5211915373802185,0.6738460063934326,0.858174741268158,0.5187904238700867,0.9656354784965516,0.8652299642562866,0.5172067880630493,0.6814435124397278,0.8612045049667358,0.5120469927787781,0.9611087441444396,0.8527026772499084,0.5194296836853027,0.682427704334259,0.8494898676872253,0.5130655765533447,0.9470722675323486,0.2924581468105316,0.590978741645813,0.9987983107566832,0.2283643335103988,0.5966981649398804,0.9995198249816896,0.4873298704624176,0.6309970617294312,0.6634059548377991,0.4631201028823852,0.6441417932510376,0.9971632361412048,0.418628066778183,0.7415603995323181,0.7635946869850159,0.3845535218715668,0.7745240926742554,0.995219886302948,0.3824132680892944,0.7560395002365112,0.7156444787979126,0.3466715514659881,0.7892482876777649,0.9842156171798706,0.5132313966751099,0.7791046500205994,0.7929333448410034,0.4826012849807739,0.8049978017807007,0.9886809587478638,1
0.597721517086029,0.4600662589073181,0.9999871253967284,0.6039204597473145,0.4499726295471191,0.9999881982803344,0.6051656007766724,0.4503957629203796,0.9999871253967284,0.6063677668571472,0.4509724974632263,0.999988317489624,0.594437301158905,0.4475816190242767,0.9999906420707704,0.5887633562088013,0.4464688301086426,0.9999897480010986,0.5825088024139404,0.4452591836452484,0.9999920725822448,0.5895764231681824,0.4517172276973724,0.9999852180480956,0.5546115636825562,0.4453875422477722,0.9999887943267822,0.5883334875106812,0.4717031419277191,0.999956488609314,0.5746920108795166,0.469048261642456,0.9999544620513916,0.5380619168281555,0.4867259562015533,0.9992044568061828,0.505192756652832,0.4915052950382232,0.9998305439949036,0.6834760904312134,0.5149468183517456,0.4917953312397003,0.6643560528755188,0.5226745009422302,0.9891698360443116,0.8191592693328857,0.5196056962013245,0.6898986101150513,0.8180280327796936,0.5242276191711426,0.9750250577926636,0.8589264154434204,0.5131987929344177,0.6947836875915527,0.8596811294555664,0.5185851454734802,0.9509033560752868,0.8610915541648865,0.5103772282600403,0.7015476226806641,0.8618796467781067,0.5129759311676025,0.9448854327201844,0.8479378819465637,0.5117369890213013,0.7046469449996948,0.8490259051322937,0.5146394968032837,0.9246906042099,0.3115760087966919,0.5852401256561279,0.9993554949760436,0.255380243062973,0.5951530337333679,0.9997998476028442,0.4976029396057129,0.6321391463279724,0.6580154895782471,0.4821772277355194,0.6457187533378601,0.9979288578033448,0.4422760009765625,0.7425965666770935,0.7663310766220093,0.4094489514827728,0.7764109969139099,0.9951017498970032,0.4113832116127014,0.7563575506210327,0.6897297501564026,0.3762685656547546,0.7914488315582275,0.9807544350624084,0.5434280633926392,0.7766017317771912,0.7786592841148376,0.5127929449081421,0.8024859428405762,0.9879547953605652,1
0.4561964571475982,0.6460717916488647,0.9998340606689452,0.4598497152328491,0.635565996170044,0.9996342658996582,0.4677841067314148,0.6327371597290039,0.9996236562728882,0.4759570956230163,0.6291258931159973,0.9993293285369872,0.4387500882148742,0.6369501352310181,0.9997404217720032,0.4315494894981384,0.6354925632476807,0.9997976422309875,0.4239948987960815,0.6339959502220154,0.9998200535774232,0.4931201040744781,0.609508752822876,0.9997217059135436,0.4212382733821869,0.6186352372169495,0.9999285936355592,0.4772369265556335,0.6454364061355591,0.999902367591858,0.455034464597702,0.6484827399253845,0.9999504089355468,0.6132299304008484,0.6037890911102295,0.9998490810394288,0.3714664578437805,0.6170746088027954,0.9999960660934448,0.680740475654602,0.7082458734512329,0.9531230926513672,0.243757888674736,0.6918337941169739,0.9890318512916564,0.4903169870376587,0.7095636129379272,0.775584876537323,0.4023723304271698,0.710686981678009,0.8653650283813477,0.4547834694385528,0.7166739702224731,0.6473506093025208,0.4296032786369324,0.7173253297805786,0.6670660972595215,0.4523035585880279,0.7027803659439087,0.6313376426696777,0.4407841861248016,0.7079911231994629,0.6353293657302856,0.4634437263011932,0.6984483599662781,0.4665744304656982,0.4384116232395172,0.7051690220832825,0.5815111398696899,0.6308811902999878,0.7054266929626465,0.999103844165802,0.496622622013092,0.711311399936676,0.9996131062507628,0.6261461973190308,0.7597758769989014,0.973383605480194,0.4002147316932678,0.7630143761634827,0.9418988823890686,0.6357496380805969,0.8968709707260132,0.946624994277954,0.4190937876701355,0.889115035533905,0.9066592454910278,0.6371791362762451,0.9092952609062196,0.6717464923858643,0.4515725970268249,0.910200297832489,0.8331267237663269,0.6246014833450317,0.9531248211860656,0.9218958616256714,0.342309832572937,0.9321596026420592,0.8784604072570801,0
0.4416937530040741,0.6113835573196411,0.9996511340141296,0.4438307583332062,0.6006321907043457,0.9991639256477356,0.4507053792476654,0.5980983972549438,0.9991647601127625,0.4574920535087585,0.595022439956665,0.998967468738556,0.4247437417507171,0.6021093726158142,0.9993417263031006,0.4186590909957886,0.6011569499969482,0.9993754029273988,0.4130356609821319,0.6002135872840881,0.9994379878044128,0.4764089286327362,0.5789765119552612,0.9991132616996764,0.4163309633731842,0.588286280632019,0.9995226860046388,0.4634358286857605,0.611167311668396,0.9996962547302246,0.4416907727718353,0.6131638884544373,0.9997267723083496,0.6067076325416565,0.581770122051239,0.999913215637207,0.3519661128520965,0.5965626239776611,0.9999601244926452,0.6799691915512085,0.6842595934867859,0.989382266998291,0.236991137266159,0.6683788895606995,0.9920844435691832,0.4935478568077087,0.6753951907157898,0.9368264079093932,0.3943577110767364,0.6744741201400757,0.9352152347564696,0.4543013274669647,0.6754031181335449,0.8683139085769653,0.4330092668533325,0.6750655770301819,0.8126674890518188,0.4520349204540252,0.665215790271759,0.8517434597015381,0.4397205412387848,0.6662173271179199,0.7816866040229797,0.4620202481746673,0.6631096601486206,0.7603867650032043,0.4346320629119873,0.6647449731826782,0.736710250377655,0.6152704954147339,0.6900945901870728,0.9990145564079284,0.4821422100067138,0.6989627480506897,0.9993211627006532,0.6289787292480469,0.750576376914978,0.9901618361473083,0.3961058855056762,0.7574226260185242,0.9843255877494812,0.6387235522270203,0.8936015367507935,0.9857630133628844,0.4198643863201141,0.8884440660476685,0.9807259440422058,0.6396912336349487,0.9117051362991332,0.8435356020927429,0.4478377997875213,0.9073594808578492,0.9091922640800476,0.622823178768158,0.9546052813529968,0.9734013080596924,0.3570417165756225,0.9323933720588684,0.967922866344452,0
0.4409895241260528,0.6343309879302979,0.9996727705001832,0.4434094429016113,0.6229589581489563,0.9991971254348756,0.4505181610584259,0.6203175187110901,0.9992013573646544,0.4574215710163116,0.6172038316726685,0.998956024646759,0.4239154756069183,0.6249929666519165,0.9993706941604614,0.4177930057048797,0.6242108941078186,0.9994125366210938,0.4122634828090668,0.6234283447265625,0.99945867061615,0.4762234687805176,0.6003901958465576,0.9991455078125,0.4135257005691528,0.6118773818016052,0.9995567798614502,0.4633539021015167,0.634905993938446,0.9997205138206482,0.4406920075416565,0.6372886896133423,0.9997507333755492,0.6049926280975342,0.6029602289199829,0.9999159574508668,0.3478543758392334,0.6162647008895874,0.999963641166687,0.6761612296104431,0.7075688242912292,0.9885702133178712,0.2373068630695343,0.686948835849762,0.992292821407318,0.4910908937454223,0.6968128085136414,0.9347873330116272,0.3918752372264862,0.6959186792373657,0.9312043786048888,0.45266193151474,0.6976295709609985,0.8660275340080261,0.4268694221973419,0.6964653730392456,0.8031446933746338,0.4518162906169891,0.6873623132705688,0.8491474986076355,0.4349353909492492,0.6877288222312927,0.7710424065589905,0.4617602825164795,0.6850000619888306,0.752382218837738,0.4301945269107818,0.686408281326294,0.7231377363204956,0.6118500828742981,0.7054554224014282,0.999070405960083,0.4806962013244629,0.7125748991966248,0.9993627667427064,0.6283787488937378,0.7510606646537781,0.9895713329315186,0.3973661661148071,0.7561259865760803,0.9819378852844238,0.6391120553016663,0.893679141998291,0.9840769171714784,0.4199120104312897,0.8882665634155273,0.9789185523986816,0.6425535082817078,0.9110156297683716,0.8445821404457092,0.4479683041572571,0.9073556661605836,0.9096577167510986,0.623393177986145,0.9545171856880188,0.9722263216972352,0.3553034961223602,0.932232677936554,0.9654351472854614,0
0.4265838265419006,0.5742700695991516,0.9992557764053344,0.4300075173377991,0.5636075735092163,0.998785674571991,0.4367871582508087,0.5608745813369751,0.9987585544586182,0.4433881938457489,0.5577918291091919,0.9978775382041932,0.4108099639415741,0.5659695863723755,0.9987181425094604,0.4040251970291137,0.565200924873352,0.9988012313842772,0.3972091376781463,0.5641976594924927,0.9986322522163392,0.4625511467456817,0.5417187213897705,0.9985901117324828,0.3982287943363189,0.5539253354072571,0.998630166053772,0.4484992623329162,0.5733035802841187,0.9993343949317932,0.4241768419742584,0.5769730806350708,0.9991673827171326,0.594083309173584,0.538486659526825,0.9998605847358704,0.3537196815013885,0.53984534740448,0.9998297691345216,0.6636989116668701,0.647586464881897,0.9784258008003236,0.2488806992769241,0.6173847913742065,0.9863747358322144,0.4889029562473297,0.6255007982254028,0.9439148902893066,0.4060320258140564,0.6149877905845642,0.9456751942634584,0.4550040364265442,0.6227093935012817,0.8820402026176453,0.4428695738315582,0.6173535585403442,0.8439942598342896,0.4574777483940124,0.6092909574508667,0.8606375455856323,0.4504559338092804,0.6054013967514038,0.809066116809845,0.4666401445865631,0.6092972159385681,0.7594404816627502,0.4440900981426239,0.6037077903747559,0.7578422427177429,0.6023391485214233,0.6186921000480652,0.9987063407897948,0.4776645302772522,0.6243301630020142,0.998740017414093,0.6659467220306396,0.6625442504882812,0.8842944502830505,0.3546968698501587,0.6635679006576538,0.8690751791000366,0.6859580278396606,0.8035105466842651,0.8667210936546326,0.3705881834030151,0.7915394902229309,0.8594386577606201,0.6788632273674011,0.8124244809150696,0.7003564238548279,0.3999252319335937,0.8126085996627808,0.8091309666633606,0.6932596564292908,0.8534771800041199,0.8474876284599304,0.2923434674739837,0.8288942575454712,0.8431048393249512,1
0.4235054552555084,0.5822414755821228,0.9992597699165344,0.427716314792633,0.5725317001342773,0.9987448453903198,0.4342813789844513,0.5701333284378052,0.9987183213233948,0.4405038058757782,0.5673825144767761,0.9976106882095336,0.4083181917667389,0.5743528604507446,0.9986929297447203,0.4015389382839203,0.5734862089157104,0.9988347291946412,0.3947075605392456,0.5724207758903503,0.9986310005187988,0.4585628509521484,0.5512040853500366,0.998623549938202,0.3937275409698486,0.5588933229446411,0.9987393021583556,0.4458576142787933,0.5803359150886536,0.9993873834609984,0.4101978242397308,0.5809929966926575,0.9992432594299316,0.5925358533859253,0.5449856519699097,0.999866545200348,0.347495287656784,0.5466915369033813,0.9998462796211244,0.6647849082946777,0.6504572629928589,0.9767687320709229,0.2481835484504699,0.6243112683296204,0.9870659112930298,0.4890731275081634,0.634064793586731,0.9406442642211914,0.4054105579853058,0.6229835748672485,0.9439128637313844,0.4571226835250854,0.6329102516174316,0.8761769533157349,0.4429130852222442,0.6265660524368286,0.8400824069976807,0.4585291147232055,0.6204923391342163,0.8527817726135254,0.4501280784606933,0.6140593886375427,0.8035627007484436,0.4669328927993774,0.6190751791000366,0.7444114685058594,0.4438273906707763,0.6121066808700562,0.747972846031189,0.5997820496559143,0.6209791898727417,0.998808741569519,0.4700303077697754,0.6258305311203003,0.9988465905189514,0.6671808362007141,0.6644067168235779,0.8936443328857422,0.354143738746643,0.663831353187561,0.8767551183700562,0.6846722364425659,0.8038667440414429,0.8761868476867676,0.3705996572971344,0.7916811108589172,0.8673222661018372,0.6780297756195068,0.813407301902771,0.6995759606361389,0.3999012410640716,0.8122272491455078,0.8133054375648499,0.6939051151275635,0.8544960021972656,0.8549362421035767,0.2904868423938751,0.8292182087898254,0.8486468195915222,1
0.4494118690490722,0.3516952395439148,0.9998251795768738,0.4644793272018432,0.3372389078140259,0.9996518492698668,0.474837064743042,0.3364848494529724,0.999612033367157,0.4836748838424682,0.3357937932014465,0.9995022416114808,0.441101610660553,0.3385663032531738,0.9997268319129944,0.4351770579814911,0.3388883471488952,0.9997479319572448,0.4302251636981964,0.3392932116985321,0.9997630715370178,0.5072720050811768,0.3382869660854339,0.9994772672653198,0.4378461539745331,0.3432382643222809,0.9997484087944032,0.47467902302742,0.3657833039760589,0.9997657537460328,0.4456530213356018,0.3675715327262878,0.9998148679733276,0.6086381077766418,0.4048328399658203,0.9995319843292236,0.3905839323997497,0.4180510640144348,0.9998459815979004,0.6651155352592468,0.4628996849060058,0.9854615330696106,0.249673381447792,0.4664290845394134,0.9953726530075072,0.4918646216392517,0.4320904314517975,0.9541882872581482,0.3877309262752533,0.434168666601181,0.9677852988243104,0.4529222249984741,0.4185674786567688,0.8705074191093445,0.423772394657135,0.416757583618164,0.8481892943382263,0.4544096291065216,0.4152184426784515,0.8381553888320923,0.4329362213611603,0.4128800332546234,0.7939546704292297,0.461694598197937,0.420173704624176,0.7486824989318848,0.4280520975589752,0.4196036458015442,0.7338413596153259,0.6050168871879578,0.5745204091072083,0.9995662569999696,0.4654976427555084,0.5819848775863647,0.9996735453605652,0.6751555800437927,0.6805288791656494,0.985207200050354,0.3152591288089752,0.6718991994857788,0.9897857308387756,0.6872326731681824,0.8045955896377563,0.9704309105873108,0.364826887845993,0.7918166518211365,0.9811134338378906,0.6733300089836121,0.8157699704170227,0.8038960695266724,0.3962286710739136,0.8117791414260864,0.9330299496650696,0.6985527276992798,0.8622366786003113,0.9526387453079224,0.2835500538349151,0.8292075991630554,0.966432511806488,1
0.4548856019973755,0.4702178835868835,0.9998950958251952,0.4689018726348877,0.4554370939731598,0.9997846484184264,0.4797540009021759,0.4543926119804382,0.9997545480728148,0.4912798106670379,0.4533625543117523,0.999699592590332,0.4470528960227966,0.4562703967094421,0.9998368620872498,0.4407655596733093,0.4561359286308288,0.9998477101325988,0.4349525868892669,0.4558824896812439,0.999857783317566,0.5155508518218994,0.4545671343803406,0.9997047185897828,0.4413528442382812,0.4571267962455749,0.9998747706413268,0.4774323403835296,0.4843880534172058,0.9998745918273926,0.4533894956111908,0.4842731952667236,0.999898076057434,0.6102878451347351,0.5068607926368713,0.9996419548988342,0.3942182660102844,0.5191823244094849,0.9998483657836914,0.6665524244308472,0.5782436728477478,0.9937955141067504,0.2432476878166198,0.5610194802284241,0.9963892102241516,0.4827042818069458,0.5461617112159729,0.974869191646576,0.3896991610527038,0.5424327254295349,0.9667564034461976,0.4482339322566986,0.5317386388778687,0.9205333590507508,0.4300039112567901,0.5292218327522278,0.8617822527885437,0.4527159929275512,0.5253384709358215,0.8994855284690857,0.4373254477977752,0.5243679285049438,0.8179159760475159,0.4588683545589447,0.5323694348335266,0.8303365111351013,0.4323529601097107,0.5316346883773804,0.7678775191307068,0.6029552221298218,0.6554189920425415,0.9995630383491516,0.4691279232501983,0.6601263880729675,0.9996755719184875,0.6745504140853882,0.6792105436325073,0.9913690686225892,0.3147837817668915,0.6781011819839478,0.9910922050476074,0.6849716901779175,0.8060148358345032,0.9852486252784728,0.3653507530689239,0.7933868169784546,0.9857864379882812,0.6698926091194153,0.817733108997345,0.8454554080963135,0.3965594470500946,0.8145924806594849,0.9438003897666932,0.6959676742553711,0.8623250722885132,0.9716777205467224,0.2862788140773773,0.8290866017341614,0.974660873413086,1
0.4554585814476013,0.4639524817466736,0.9998887777328492,0.4697704017162323,0.4500427842140198,0.9997717142105104,0.4806732535362243,0.448974609375,0.9997441172599792,0.4919386208057403,0.4481130242347717,0.9996764659881592,0.4475753307342529,0.4511824250221252,0.9998255372047424,0.4414113461971283,0.4511516094207763,0.9998427033424376,0.4355469644069671,0.4511590003967285,0.999850332736969,0.5150086879730225,0.44917693734169,0.9996942281723022,0.4412460029125213,0.4526599943637848,0.9998732805252076,0.4780232012271881,0.4768738746643066,0.9998707175254822,0.4533307254314422,0.4776290357112884,0.9998979568481444,0.610276460647583,0.5032158493995667,0.9996286630630492,0.3924766480922699,0.5131168961524963,0.9998509883880616,0.66697758436203,0.5746598839759827,0.9929523468017578,0.2434737086296081,0.5564223527908325,0.9964916706085204,0.4858552813529968,0.5433799028396606,0.9736594557762146,0.391837865114212,0.5386523604393005,0.965760052204132,0.4499838650226593,0.5263713002204895,0.9169045090675354,0.4303079843521118,0.5244371294975281,0.8556464910507202,0.4528498351573944,0.5210468173027039,0.8944959044456482,0.4381409883499145,0.5202555656433105,0.8086891174316406,0.4598734974861145,0.5279771685600281,0.8211225271224976,0.4325305223464966,0.5272627472877502,0.7550550699234009,0.6001412868499756,0.6530647277832031,0.9995749592781068,0.4646006226539612,0.6576681733131409,0.999681830406189,0.673301637172699,0.6787428855895996,0.991256296634674,0.3146785497665405,0.6777468919754028,0.9909271597862244,0.6850513815879822,0.8060232400894165,0.9847794771194458,0.364873468875885,0.7934837341308594,0.9856002330780028,0.6702280640602112,0.8179771304130554,0.8488841652870178,0.3957419395446777,0.8144698143005371,0.9457628726959229,0.6955417394638062,0.8625431060791016,0.9716347455978394,0.2863094806671142,0.8294685482978821,0.9746524691581726,1
0.4145509600639343,0.5522473454475403,0.999347686767578,0.4186786115169525,0.5410030484199524,0.99955815076828,0.417445957660675,0.5404056906700134,0.9994477033615112,0.4161361753940582,0.5396784543991089,0.999474287033081,0.4159913659095764,0.5403496026992798,0.999707281589508,0.4129250943660736,0.5393359065055847,0.9997428059577942,0.4097448885440826,0.5381794571876526,0.999790370464325,0.3895813822746277,0.5351144075393677,0.9997525215148926,0.3807896375656128,0.532882571220398,0.9997272491455078,0.3959202170372009,0.5591894388198853,0.9978795051574708,0.3915585279464721,0.5583102107048035,0.9992308020591736,0.3174463808536529,0.5643188953399658,0.9956765174865724,0.2807822227478027,0.5638678669929504,0.999441385269165,0.2974964678287506,0.5933116674423218,0.023430423811078,0.2121873646974563,0.6243511438369751,0.8655319213867188,0.3155767917633056,0.5575093030929565,0.055690050125122,0.285832792520523,0.5579537749290466,0.837448239326477,0.3231545388698578,0.5545357465744019,0.0867453962564468,0.2921383380889892,0.5442004203796387,0.8088241219520569,0.3275962769985199,0.5498719811439514,0.0878951326012611,0.2937291264533996,0.5393940806388855,0.8126389980316162,0.3253463506698608,0.5521256327629089,0.0865459963679313,0.2925721704959869,0.5455923080444336,0.7621544003486633,0.1837831884622573,0.7029182314872742,0.9995772838592528,0.14968241751194,0.7080165147781372,0.9997006058692932,0.3647556006908417,0.7253952026367188,0.4401672184467315,0.3651406466960907,0.7311516404151917,0.9558143019676208,0.2412599772214889,0.8027302622795105,0.6150420308113098,0.2335195988416671,0.81463223695755,0.9531974792480468,0.1992611587047577,0.8123680353164673,0.6739370822906494,0.1954228281974792,0.8297563791275024,0.9461140632629396,0.3074057400226593,0.8454282879829407,0.7207366824150085,0.3074750602245331,0.8532897233963013,0.945842742919922,1
0.400968074798584,0.5110824704170227,0.9999544024467468,0.4032822549343109,0.4995513558387756,0.999967098236084,0.4019100069999695,0.4987523555755615,0.9999622702598572,0.4002315402030945,0.4978503286838531,0.9999718070030212,0.4019229412078857,0.4992348551750183,0.9999646544456482,0.3999159038066864,0.498270183801651,0.9999677538871764,0.3977124989032745,0.4971784055233001,0.9999756217002868,0.3743414282798767,0.4930117726325989,0.9999806880950928,0.3722957074642181,0.49211186170578,0.9999701380729676,0.3857893645763397,0.5172945261001587,0.9999042749404908,0.3837470114231109,0.5169003009796143,0.9999337196350098,0.2922745645046234,0.526984453201294,0.9979946613311768,0.2973431646823883,0.5236052870750427,0.9996921420097352,0.214682474732399,0.5738080739974976,0.0800208523869514,0.2105959355831146,0.5702649354934692,0.952083170413971,0.263627678155899,0.5339497923851013,0.0939930081367492,0.284450352191925,0.50974041223526,0.8741014003753662,0.2648798525333404,0.52216637134552,0.1136515140533447,0.2947746217250824,0.4971221387386322,0.8517918586730957,0.2792914807796478,0.5203537940979004,0.1108047440648078,0.2928462028503418,0.4980281293392181,0.8440403938293457,0.2786462306976318,0.5270867347717285,0.1029231771826744,0.2912349998950958,0.5018472075462341,0.827189564704895,0.146962508559227,0.6570925712585449,0.9993167519569396,0.1449000090360641,0.6626932621002197,0.9995254278182985,0.3326446712017059,0.705119252204895,0.5070425868034363,0.353414237499237,0.7130597233772278,0.989469349384308,0.2270312905311584,0.802954375743866,0.6688786149024963,0.2304037064313888,0.8139370679855347,0.991775393486023,0.1910539865493774,0.8175469636917114,0.7042964100837708,0.1907784193754196,0.8315309286117554,0.985332727432251,0.2639296352863312,0.8586322665214539,0.7706969976425171,0.3025210797786712,0.8566028475761414,0.987679958343506,0
0.4023616015911102,0.5161672830581665,0.999950110912323,0.4047794044017792,0.5043042302131653,0.9999651908874512,0.4034682512283325,0.5035660862922668,0.999960720539093,0.4018825888633728,0.5027222037315369,0.9999704360961914,0.4030060768127441,0.5036916732788086,0.999962329864502,0.400793194770813,0.5026379823684692,0.9999657273292542,0.3983862102031708,0.5014659762382507,0.9999741315841676,0.3758125007152557,0.4976511001586914,0.9999811053276062,0.3726466596126556,0.4961489737033844,0.999967396259308,0.3870087563991546,0.5221133828163147,0.999894917011261,0.3844816386699676,0.5215985178947449,0.999928653240204,0.2934024035930633,0.5301535129547119,0.9979619383811952,0.2985727190971374,0.5251530408859253,0.99968022108078,0.2184512615203857,0.572915256023407,0.0770121365785598,0.2105349153280258,0.5731923580169678,0.9504445791244508,0.2669501304626465,0.5363131165504456,0.0918784290552139,0.283516526222229,0.5162374973297119,0.868382453918457,0.2687015235424042,0.5303347110748291,0.1129914969205856,0.2929594814777374,0.5057673454284668,0.8462667465209961,0.2811266183853149,0.5265053510665894,0.1104436591267585,0.2928326427936554,0.5034564137458801,0.8392695188522339,0.2799908816814422,0.528989851474762,0.1026063337922096,0.2909552454948425,0.5109843611717224,0.8229219913482666,0.1471865177154541,0.6610919237136841,0.9993534684181212,0.1466576159000396,0.6652538776397705,0.9995473027229308,0.3379094302654266,0.7067603468894958,0.5040509700775146,0.3546208143234253,0.7150801420211792,0.9898386597633362,0.2271879762411117,0.802985668182373,0.6653170585632324,0.2302537113428115,0.813870906829834,0.9919438362121582,0.1910673826932907,0.8171874284744263,0.7037180662155151,0.1910605281591415,0.8303784132003784,0.9857093691825868,0.2681237459182739,0.8486213684082031,0.7681599259376526,0.2923314571380615,0.8559408187866211,0.9878538250923156,0
0.4136022925376892,0.5539432764053345,0.9998703002929688,0.4175424873828888,0.5427345037460327,0.9999151825904846,0.4165764153003692,0.5422500967979431,0.999906063079834,0.4153586030006408,0.5415593385696411,0.9999252557754515,0.4144750833511352,0.541624903678894,0.9999146461486816,0.4114780724048614,0.5404075384140015,0.9999293088912964,0.4083106219768524,0.5389610528945923,0.9999497532844543,0.390975147485733,0.5365872383117676,0.9999746084213256,0.3829759955406189,0.533562958240509,0.9999154806137084,0.3976838886737823,0.5600878596305847,0.9997072219848632,0.3931841552257538,0.559144139289856,0.9998204708099364,0.3107204437255859,0.5667198896408081,0.9965453743934632,0.3010323941707611,0.5600857138633728,0.999530792236328,0.2631326913833618,0.5985660552978516,0.0553940162062644,0.2322094142436981,0.6112337112426758,0.8850386142730713,0.3147191107273102,0.5599180459976196,0.0739327669143676,0.2931452989578247,0.555830180644989,0.76288902759552,0.3184742033481598,0.5531272888183594,0.1098526939749717,0.2941537201404571,0.5441845655441284,0.7427734136581421,0.325598806142807,0.5487073659896851,0.1103328987956047,0.2945618629455566,0.5404616594314575,0.748938798904419,0.3235694766044616,0.5511134266853333,0.1040968969464302,0.2962718605995178,0.5461355447769165,0.7439320683479309,0.156897023320198,0.7019484639167786,0.9995424151420592,0.1565211862325668,0.7035816311836243,0.9997586011886596,0.3501867353916168,0.7259683012962341,0.3889430165290832,0.3708464205265045,0.7288309931755066,0.9871355891227722,0.2258715033531189,0.8042634129524231,0.495178073644638,0.2376628816127777,0.8202818036079407,0.9833943843841552,0.1828276067972183,0.8187767267227173,0.5885995030403137,0.1977998465299606,0.8368399739265442,0.9786860346794128,0.273714542388916,0.8418549299240112,0.6203159093856812,0.3036914467811584,0.8533722758293152,0.9767616391181946,0
0.3998625576496124,0.5435153841972351,0.9999002814292908,0.4043443500995636,0.5313354730606079,0.9999266266822816,0.4034501016139984,0.5307334661483765,0.9999181628227234,0.402241587638855,0.529926061630249,0.9999324679374696,0.4013639688491821,0.5304796099662781,0.9999282956123352,0.398464173078537,0.5293618440628052,0.9999397993087769,0.3953381776809692,0.5280753374099731,0.9999567270278932,0.3761496245861053,0.5252493619918823,0.9999721050262452,0.3675265908241272,0.5229731202125549,0.9999293088912964,0.3837268948554992,0.5507491827011108,0.9997634291648864,0.3795661032199859,0.5499275922775269,0.9998608231544496,0.3073633313179016,0.5583807229995728,0.9973339438438416,0.2829960584640503,0.554399847984314,0.9996665120124816,0.2498471140861511,0.5903924703598022,0.0753874480724334,0.2024453729391098,0.608112096786499,0.9277607798576356,0.3027304708957672,0.5453811287879944,0.1017051711678505,0.2742400765419006,0.5463448166847229,0.8372204303741455,0.3063583672046661,0.5385094881057739,0.1429077088832855,0.2773613035678863,0.5309765338897705,0.812696635723114,0.3210625946521759,0.540761411190033,0.140997052192688,0.2782085835933685,0.5289084315299988,0.8168530464172363,0.3183125853538513,0.5434080958366394,0.1320635080337524,0.2813377678394317,0.5332958698272705,0.8063967823982239,0.175020232796669,0.6918145418167114,0.9994890689849854,0.1522375792264938,0.7030139565467834,0.9997289776802064,0.368030846118927,0.7214525938034058,0.4612764418125152,0.3680817484855652,0.7319005727767944,0.9890615940093994,0.2345621585845947,0.7994980812072754,0.5708215236663818,0.2337518334388733,0.8182439804077148,0.9865468144416808,0.196049153804779,0.8094226121902466,0.6529716849327087,0.1956119984388351,0.836943507194519,0.9800642728805542,0.2903576493263244,0.8398758769035339,0.6777278780937195,0.3093632459640503,0.8528612852096558,0.9813949465751648,0
0.741467297077179,0.297907292842865,0.9998629689216614,0.7524528503417969,0.2751067280769348,0.9998435974121094,0.7597520351409912,0.2739523947238922,0.999792456626892,0.7663291692733765,0.2726338803768158,0.999718189239502,0.7199959754943848,0.2730860710144043,0.999901533126831,0.7035170793533325,0.2705440819263458,0.9999114274978638,0.686809778213501,0.2679352164268493,0.9999201893806458,0.7488753199577332,0.2735099196434021,0.9997295141220092,0.640031635761261,0.2675707340240478,0.9999250173568726,0.7386053204536438,0.3151915967464447,0.9996185898780824,0.6978997588157654,0.3139216303825378,0.999884307384491,0.7347520589828491,0.3376358151435852,0.997228741645813,0.4279827177524566,0.3675664961338043,0.9995477199554444,0.7247472405433655,0.4213623404502868,0.3646643757820129,0.2755854725837707,0.5037394165992737,0.9927780032157898,0.7939194440841675,0.368057906627655,0.6396560072898865,0.2694341838359833,0.3795360922813415,0.9951359033584596,0.8190996050834656,0.3468513190746307,0.6195114850997925,0.2817198932170868,0.3480047881603241,0.989426851272583,0.822050154209137,0.3400745987892151,0.6085732579231262,0.2975055575370788,0.3345440030097961,0.9891064763069152,0.7980891466140747,0.3459150195121765,0.6199817061424255,0.3014001548290252,0.3440794646739959,0.9841268062591552,0.5442986488342285,0.5572723150253296,0.9983941912651062,0.3699780404567718,0.570658802986145,0.998361885547638,0.8291917443275452,0.6110880374908447,0.9805458784103394,0.4684110879898071,0.6898888349533081,0.9781283140182496,0.6290521025657654,0.7190091013908386,0.9297829270362854,0.3849426805973053,0.7922693490982056,0.939620852470398,0.5673530101776123,0.7358008623123169,0.8694040775299072,0.3459874391555786,0.79994797706604,0.7935139536857605,0.7402811050415039,0.7788554430007935,0.910912811756134,0.4522762596607208,0.865059494972229,0.9047746658325196,1
0.7493851780891418,0.2956166863441467,0.9998683333396912,0.7591493129730225,0.2734093368053436,0.9998498558998108,0.7657819390296936,0.2722827792167663,0.99979829788208,0.7719583511352539,0.2709670662879944,0.9997264742851256,0.7294622659683228,0.2718676924705505,0.999908208847046,0.7137057185173035,0.2695379853248596,0.9999178647994996,0.697569727897644,0.2670509219169616,0.9999264478683472,0.7503914833068848,0.2718297243118286,0.9997318387031556,0.6482914686203003,0.2666204571723938,0.9999311566352844,0.7451885938644409,0.3130207359790802,0.999624490737915,0.7078199982643127,0.3120965361595154,0.9998888969421388,0.7326473593711853,0.3310644626617431,0.9959535598754884,0.4326331317424774,0.3651808500289917,0.9995658993721008,0.7349767684936523,0.35875004529953,0.3353101909160614,0.2776791751384735,0.4992908835411072,0.99286288022995,0.7910019159317017,0.3378357291221618,0.5879830718040466,0.2714629769325256,0.375503271818161,0.9950864911079408,0.8140485286712646,0.3281580507755279,0.5728235244750977,0.2850916683673858,0.3436134457588196,0.989353895187378,0.8158316612243652,0.3166053891181946,0.5635929703712463,0.3005028963088989,0.3322051167488098,0.9890934824943542,0.793703556060791,0.3335976302623749,0.5764375925064087,0.3051488101482391,0.3415185213088989,0.9838826060295104,0.5451468825340271,0.5479761362075806,0.9985259771347046,0.3726450502872467,0.5627442598342896,0.9985211491584778,0.8370413780212402,0.5929010510444641,0.9809405207633972,0.4713013172149658,0.6715053915977478,0.9800575375556946,0.6267263889312744,0.7060392498970032,0.9346733689308168,0.3888074159622192,0.7812170386314392,0.9449666738510132,0.5675745010375977,0.7218650579452515,0.8774505257606506,0.3510700762271881,0.7883321046829224,0.8101860880851746,0.7468113303184509,0.7629764080047607,0.9168963432312012,0.4557775259017944,0.849695086479187,0.913278579711914,1
0.7948217391967773,0.2233600616455078,0.9993463158607484,0.8014689683914185,0.2055436074733734,0.999338448047638,0.8057401180267334,0.205019399523735,0.9991441369056702,0.809928297996521,0.2044022381305694,0.9988040924072266,0.7776216864585876,0.2035232037305832,0.999678909778595,0.7635833024978638,0.2016749680042266,0.9997413754463196,0.7474624514579773,0.1995304524898529,0.999792754650116,0.7753729224205017,0.2022114098072052,0.9982458353042604,0.6914228796958923,0.1952045112848281,0.9997801780700684,0.7832232117652893,0.2390390187501907,0.9988293647766112,0.7537261843681335,0.2373848259449005,0.9996405839920044,0.7632251977920532,0.2514421343803406,0.989550530910492,0.4629908800125122,0.2862669229507446,0.999173641204834,0.7824782729148865,0.2806969583034515,0.127312958240509,0.3130318522453308,0.4230891168117523,0.9839459657669068,0.8196378350257874,0.2866557240486145,0.1970816403627395,0.3242880403995514,0.3005354702472687,0.9818899035453796,0.8337412476539612,0.2740452885627746,0.2064626961946487,0.3267436623573303,0.2773700952529907,0.9677658081054688,0.8189175128936768,0.261091411113739,0.2085105180740356,0.3420664966106415,0.2637145817279815,0.9682062864303588,0.8061405420303345,0.2763084173202514,0.2230180650949478,0.3456147015094757,0.2698069214820862,0.9519438743591307,0.5894056558609009,0.4504917562007904,0.9992324709892272,0.4148345589637756,0.4702804982662201,0.999649167060852,0.8605188131332397,0.4333340525627136,0.9619666934013368,0.4947413206100464,0.5099599957466125,0.9896461367607116,0.6497958898544312,0.5530303716659546,0.9399985671043396,0.4149096310138702,0.6123854517936707,0.9615588784217834,0.6030312776565552,0.5735496282577515,0.8903477191925049,0.3846668303012848,0.6215173006057739,0.8845612406730652,0.7701688408851624,0.6025516986846924,0.9336093068122864,0.4816377460956573,0.6797046661376953,0.9530340433120728,1
0.5262168645858765,0.396240234375,0.9986783266067504,0.549286961555481,0.3767818212509155,0.9982624650001526,0.5625364184379578,0.3751148879528045,0.9980999827384948,0.5746031999588013,0.3730480372905731,0.9980105757713318,0.5028822422027588,0.3765599131584167,0.9986859560012816,0.4872971475124359,0.3748466372489929,0.998703122138977,0.4752593636512756,0.3726181983947754,0.9987897872924804,0.596447765827179,0.3635706305503845,0.9976431131362916,0.458126962184906,0.3619302809238434,0.9986348152160645,0.5498027205467224,0.4086347222328186,0.9986035227775574,0.4999931752681732,0.4092586636543274,0.9990652203559875,0.6974495649337769,0.4224541187286377,0.998104453086853,0.3579720258712768,0.425759881734848,0.9997537732124328,0.8198318481445312,0.5275255441665649,0.8934468626976013,0.2324985861778259,0.5179246068000793,0.9883756041526794,0.8493557572364807,0.4366962015628814,0.894298791885376,0.205237478017807,0.4244922697544098,0.9854089617729188,0.8708931803703308,0.4123476445674896,0.8886259198188782,0.1903518438339233,0.3915653824806213,0.9763210415840148,0.8467112183570862,0.3971818685531616,0.8869272470474243,0.2096622884273529,0.3826099038124084,0.9741702675819396,0.8289403319358826,0.4056280255317688,0.8789218664169312,0.2212933450937271,0.391916811466217,0.96355801820755,0.6316043138504028,0.6091617345809937,0.9990771412849426,0.4484095573425293,0.6054938435554504,0.999505341053009,0.8456551432609558,0.6541042327880859,0.9787336587905884,0.2267862111330032,0.6275969743728638,0.9942018985748292,0.6886647343635559,0.7360979318618774,0.9695571660995485,0.3796634674072265,0.7365890741348267,0.9878385663032532,0.652448296546936,0.7414551973342896,0.9473433494567872,0.416993498802185,0.7442187070846558,0.9630246758461,0.7424836158752441,0.8035925030708313,0.9613354206085204,0.3078948259353637,0.7957764863967896,0.9791979789733888,1
0.5282516479492188,0.3386813402175903,0.9997753500938416,0.559821367263794,0.3098885118961334,0.9997003078460692,0.5769416093826294,0.3083701431751251,0.9996740221977234,0.5933600664138794,0.3063016533851623,0.9996452927589417,0.5045509934425354,0.3085384368896484,0.9997698664665222,0.4867215156555176,0.3062670826911926,0.9997743368148804,0.4731996357440948,0.3039911687374115,0.9997787475585938,0.6288655996322632,0.2951550483703613,0.999597430229187,0.4532608389854431,0.2934855818748474,0.9997645020484924,0.5607384443283081,0.3560990691184997,0.9997631311416626,0.4981729388236999,0.3570754528045654,0.9998406767845154,0.7618381977081299,0.3819469511508941,0.9995402097702026,0.3264651894569397,0.3816462755203247,0.999905288219452,0.9179948568344116,0.5105878114700317,0.9782649278640748,0.1574083715677261,0.5003229379653931,0.9964029788970948,0.9666844606399536,0.3887665569782257,0.9781414270401,0.1387444585561752,0.3731979727745056,0.9956777095794678,0.983111560344696,0.3554733991622925,0.9699726104736328,0.1096866577863693,0.3349597752094269,0.990054726600647,0.9551792740821838,0.3311195075511932,0.96679425239563,0.1404046267271042,0.3209733068943023,0.987390398979187,0.9369145035743712,0.3478602170944214,0.9546258449554444,0.1638707667589187,0.3340418338775635,0.9800415635108948,0.6571105718612671,0.6106180548667908,0.999419927597046,0.4364625215530395,0.6052142381668091,0.9996079802513124,0.954721748828888,0.6653318405151367,0.9927917718887328,0.1505559086799621,0.6358932256698608,0.9958509206771852,0.7571138739585876,0.7726951241493225,0.981995165348053,0.3425743877887726,0.7744849324226379,0.9949042201042176,0.7059504389762878,0.7792394757270813,0.9697471857070924,0.3916488587856293,0.7830395102500916,0.9850568175315856,0.8222755193710327,0.8591511845588684,0.9687100648880004,0.266462504863739,0.8491131663322449,0.9869361519813538,1
0.6219747066497803,0.3243349492549896,0.9997441172599792,0.6382593512535095,0.296406477689743,0.999694049358368,0.6482991576194763,0.2974206805229187,0.9996166825294496,0.6580119132995605,0.2986795902252197,0.9994821548461914,0.5983099341392517,0.2906475365161896,0.9998266696929932,0.5787447094917297,0.2875979244709015,0.9998602271080016,0.5561202764511108,0.2839695513248443,0.9998760223388672,0.6377866864204407,0.3085444867610931,0.9995445609092712,0.5006219148635864,0.2869943082332611,0.9998946189880372,0.6211426854133606,0.3529667556285858,0.998518705368042,0.5730862617492676,0.3461427092552185,0.9995428919792176,0.6153449416160583,0.4034654498100281,0.9949324727058412,0.2841774523258209,0.424571692943573,0.9994475841522216,0.6395896673202515,0.4297128617763519,0.2197410613298416,0.072184532880783,0.5771897435188293,0.9732697010040284,0.6372649669647217,0.3769217729568481,0.3330635726451874,0.0831061229109764,0.4534975886344909,0.9784610271453856,0.6617612838745117,0.3569103479385376,0.3509670197963714,0.0964008197188377,0.4214141964912414,0.9649518132209778,0.661998450756073,0.3597118556499481,0.3524306118488312,0.0959514901041984,0.3985382914543152,0.9645877480506896,0.6393659114837646,0.3657425940036773,0.3933869004249573,0.1061146929860115,0.4136975407600403,0.955716907978058,0.3581013083457947,0.6905394196510315,0.9974729418754578,0.1426885426044464,0.6967874765396118,0.9978913068771362,0.6254124641418457,0.7267245054244995,0.7432394027709961,0.3179219663143158,0.7839668989181519,0.929688274860382,0.4504174888134002,0.8821674585342407,0.7941174507141113,0.1650363802909851,0.969335675239563,0.8614048957824707,0.4043076336383819,0.9070855975151062,0.7560147047042847,0.1173063293099403,0.9804771542549132,0.8028494715690613,0.6456162929534912,0.9475951194763184,0.7703253626823425,0.3071593046188354,1.0738497972488403,0.8391814231872559,1
0.6044595241546631,0.2690318524837494,0.9999241828918456,0.6372016668319702,0.2473255693912506,0.9999070167541504,0.6499884128570557,0.2494240999221801,0.9998824000358582,0.6629774570465088,0.2517418265342712,0.9998406767845154,0.5841485261917114,0.2390028685331344,0.9999473690986632,0.5598215460777283,0.2350428849458694,0.9999579191207886,0.5383719801902771,0.2320089042186737,0.9999630451202391,0.6616164445877075,0.264078825712204,0.9998481869697572,0.4937727749347687,0.2383154928684234,0.9999675154685974,0.6100526452064514,0.3029478788375854,0.9995574355125428,0.5507974028587341,0.2926129698753357,0.9998618960380554,0.6512228846549988,0.369223803281784,0.9974868297576904,0.2747674882411957,0.3862714171409607,0.9998226761817932,0.7127083539962769,0.4361904561519623,0.4283847510814667,0.064602181315422,0.5598965287208557,0.9837692975997924,0.7297555804252625,0.4109062254428863,0.489666998386383,0.0660289525985717,0.4123997092247009,0.9884645342826844,0.7346640825271606,0.4083645343780517,0.4718507826328277,0.0653472766280174,0.3718249499797821,0.979370653629303,0.737097442150116,0.4037449359893799,0.4727843403816223,0.0953907892107963,0.3559082150459289,0.9789976477622986,0.715952455997467,0.408416748046875,0.5236868262290955,0.1033951118588447,0.3681075572967529,0.974137544631958,0.3720819354057312,0.6496652960777283,0.9992151260375975,0.1402819752693176,0.6664222478866577,0.9993991255760192,0.622569739818573,0.7017175555229187,0.8442285656929016,0.3060421347618103,0.7288742661476135,0.9767082929611206,0.4505266845226288,0.8287273645401001,0.9196079969406128,0.1668293327093124,0.9125603437423706,0.9588701128959656,0.4019615054130554,0.8545993566513062,0.8859454989433289,0.108775183558464,0.9327961206436156,0.9339002966880798,0.641448438167572,0.8935187458992004,0.9056434631347656,0.2845549583435058,0.9953977465629578,0.9516620635986328,1
0.6043726801872253,0.2698034346103668,0.9999266862869264,0.6371316909790039,0.2488563954830169,0.9999076724052428,0.649994432926178,0.2508978843688965,0.999883472919464,0.6630443334579468,0.2531458437442779,0.999843180179596,0.5839440822601318,0.2405724078416824,0.9999461770057678,0.5598157048225403,0.2365855425596237,0.9999570250511168,0.5381549000740051,0.2335231006145477,0.9999623894691468,0.6620270013809204,0.2650229036808014,0.9998357892036438,0.4933177530765533,0.2397028505802154,0.9999614357948304,0.6100820302963257,0.3030717968940735,0.9995725154876708,0.5509535074234009,0.2930060029029846,0.9998619556427002,0.6523910760879517,0.3699024319648742,0.9973971247673036,0.274747759103775,0.3870851993560791,0.9998053908348083,0.6341239809989929,0.482492983341217,0.3977746963500976,0.0661346986889839,0.5591135025024414,0.9812482595443726,0.6406010985374451,0.5169121026992798,0.455587238073349,0.0659708082675933,0.4148620963096618,0.9865806698799132,0.6609148383140564,0.5337287187576294,0.4418875277042389,0.0661213025450706,0.3742978870868683,0.9764288067817688,0.6451266407966614,0.5274320840835571,0.4428553879261017,0.0953033342957496,0.3571891188621521,0.9759960770606996,0.6215024590492249,0.5243983268737793,0.4929986298084259,0.1040424555540084,0.3715029954910278,0.970836341381073,0.3719631731510162,0.6478056311607361,0.9991990327835084,0.140029489994049,0.66700279712677,0.9994439482688904,0.6287029981613159,0.6988903880119324,0.847216010093689,0.3058727979660034,0.7213172912597656,0.9779196381568908,0.4493322074413299,0.8246077299118042,0.9231908321380616,0.1670811176300048,0.9089266061782836,0.96246737241745,0.4009490609169006,0.8505007028579712,0.8894575834274292,0.109069600701332,0.928566575050354,0.9380213618278505,0.6415016055107117,0.8887717127799988,0.9100890159606934,0.2847680449485779,0.992304027080536,0.955691933631897,1
